{"stats":{"minecraft:mined":{"minecraft:spruce_log":3},"minecraft:custom":{"minecraft:jump":18,"minecraft:time_since_rest":1648,"minecraft:damage_dealt":10,"minecraft:leave_game":2,"minecraft:play_time":1648,"minecraft:sprint_one_cm":3132,"minecraft:damage_taken":110,"minecraft:time_since_death":1648,"minecraft:walk_one_cm":2177,"minecraft:total_world_time":1648,"minecraft:fall_one_cm":693,"minecraft:fly_one_cm":2648},"minecraft:picked_up":{"minecraft:spruce_log":3,"minecraft:snowball":6}},"DataVersion":3465}